<?xml version="1.0" encoding="utf-8"?><!DOCTYPE nta PUBLIC '-//Uppaal Team//DTD Flat System 1.1//EN' 'http://www.it.uu.se/research/group/darts/uppaal/flat-1_1.dtd'><nta><declaration>// Place global declarations here.
const int N=1; //the number of customers
const int Uplim1=1;//The maximum time of server's response
const int Uplim2=10;//The maximum time of chef's cooking
clock x;
bool eatup=0;
typedef int[0,N-1] id_t;
chan CallWaiter[N],Serve[N];
broadcast chan Order[N];</declaration><template><name x="5" y="5">Customer</name><parameter>const id_t id</parameter><declaration>// Place local declarations here.
</declaration><location id="id0" x="-336" y="40"><name x="-384" y="32">Eat</name></location><location id="id1" x="-120" y="-40"><name x="-130" y="-70">Angry2</name><label kind="invariant" x="-130" y="-25">x&lt;=5</label></location><location id="id2" x="-336" y="-40"><name x="-432" y="-56">ToBeServed</name><label kind="invariant" x="-400" y="-16">x&lt;=15</label></location><location id="id3" x="-120" y="-128"><name x="-130" y="-158">Leave</name></location><location id="id4" x="-216" y="-128"><name x="-226" y="-158">Angry1</name><label kind="invariant" x="-226" y="-113">x&lt;=5</label></location><location id="id5" x="-336" y="-128"><name x="-344" y="-160">Called</name><label kind="invariant" x="-346" y="-113">x&lt;=5</label></location><location id="id6" x="-544" y="-128"><name x="-568" y="-160">Seated</name><label kind="invariant" x="-568" y="-112">x&lt;=5</label></location><init ref="id6"/><transition><source ref="id4"/><target ref="id2"/><label kind="synchronisation" x="-304" y="-104">Order[id]?</label><label kind="assignment" x="-304" y="-88">x=0</label></transition><transition><source ref="id5"/><target ref="id2"/><label kind="synchronisation" x="-416" y="-96">Order[id]?</label><label kind="assignment" x="-392" y="-80">x=0</label></transition><transition><source ref="id0"/><target ref="id3"/><label kind="assignment" x="-96" y="0">eatup=1</label><nail x="-32" y="32"/><nail x="-40" y="-136"/></transition><transition><source ref="id2"/><target ref="id1"/><label kind="guard" x="-240" y="-64">x&gt;10</label><label kind="assignment" x="-232" y="-40">x=0</label></transition><transition><source ref="id6"/><target ref="id5"/><label kind="synchronisation" x="-480" y="-144">CallWaiter[id]!</label><label kind="assignment" x="-472" y="-128">x=0</label></transition><transition><source ref="id1"/><target ref="id0"/><label kind="synchronisation" x="-256" y="-8">Serve[id]?</label></transition><transition><source ref="id1"/><target ref="id3"/><label kind="guard" x="-128" y="-96">x&gt;1</label></transition><transition><source ref="id2"/><target ref="id0"/><label kind="synchronisation" x="-408" y="0">Serve[id]?</label></transition><transition><source ref="id4"/><target ref="id3"/><label kind="guard" x="-176" y="-152">x&gt;1</label></transition><transition><source ref="id5"/><target ref="id4"/><label kind="guard" x="-296" y="-152">x&gt;1</label><label kind="assignment" x="-296" y="-128">x=0</label><nail x="-232" y="-128"/></transition></template><template><name>Server</name><declaration>clock y;</declaration><location id="id7" x="-352" y="-424"><name x="-376" y="-472">Response</name></location><location id="id8" x="-448" y="-424"><name x="-472" y="-480">Prepare</name><label kind="invariant" x="-480" y="-400">y&lt;=Uplim1</label></location><location id="id9" x="-552" y="-424"><name x="-560" y="-472">Initial</name></location><init ref="id9"/><transition><source ref="id8"/><target ref="id7"/><label kind="select" x="-424" y="-464">e:id_t</label><label kind="guard" x="-416" y="-448">y&gt;=1</label><label kind="synchronisation" x="-432" y="-416">Order[e]!</label></transition><transition><source ref="id9"/><target ref="id8"/><label kind="select" x="-520" y="-464">e:id_t</label><label kind="synchronisation" x="-536" y="-448">CallWaiter[e]?</label><label kind="assignment" x="-520" y="-424">y=0</label></transition></template><template><name>Cook</name><declaration>clock z;</declaration><location id="id10" x="144" y="0"><name x="136" y="-40">Finish</name></location><location id="id11" x="8" y="0"><name x="-16" y="-48">Cook</name><label kind="invariant" x="-16" y="16">z&lt;=Uplim2</label></location><location id="id12" x="-96" y="0"><name x="-106" y="-30">Initial</name></location><init ref="id12"/><transition><source ref="id11"/><target ref="id10"/><label kind="select" x="56" y="-40">e:id_t</label><label kind="guard" x="56" y="-24">z&gt;=5</label><label kind="synchronisation" x="48" y="0">Serve[e]!</label></transition><transition><source ref="id12"/><target ref="id11"/><label kind="select" x="-72" y="-40">e:id_t</label><label kind="synchronisation" x="-72" y="-24">Order[e]?</label><label kind="assignment" x="-64" y="0">z=0</label></transition></template><system>
// List one or more processes to be composed into a system.
system Customer,Server,Cook;</system></nta>